,y_hat,diag.id
0,4.059275591247461,2
1,3.488991995169431,5
2,2.970132932294463,9
3,4.7897743908568176,21
4,4.432270926104632,22
5,2.7979950657894737,28
6,2.840585261956999,31
7,2.459696493447757,37
8,3.0101294712232227,43
9,4.4336364696832495,44
10,3.3063520947254483,52
11,2.475761144567937,54
12,2.7526674734822776,58
13,3.485862755300258,65
14,4.101896140215993,68
15,3.432575216450216,72
16,3.6580216831779335,73
17,3.976970372622547,75
18,3.234112554112554,78
19,3.266663339240984,81
20,4.427876111766312,83
21,2.171445182268713,86
22,4.245076974466301,88
23,4.400916739510489,99
24,3.093131769918536,100
25,3.692409073565325,102
26,2.5353420738970027,105
27,2.9475545082348047,113
28,3.004347348113766,117
29,3.683066362995697,119
30,3.2144408741106862,120
31,3.1996374458874484,125
32,3.1847225410376194,128
33,2.9833159559330436,129
34,3.952225849051743,131
35,3.119360363653805,132
36,2.8396887247286373,133
37,4.131733082889333,134
38,3.7931296734874334,136
39,3.0405727154789663,141
40,4.800630072256174,150
41,3.0790641992811123,153
42,4.771400056321462,161
43,2.2815248406319166,165
44,4.442381194969905,167
45,2.4749007975199357,177
46,3.3452631606181455,190
47,3.5145338152344743,191
48,3.2744440755721267,192
49,3.16792862617455,195
50,2.3962310323386142,203
51,2.9656463470302628,205
52,2.8829607754244906,211
53,3.875404375105453,215
54,3.0413380879878797,219
55,4.170153007810901,232
56,2.8550729548694758,235
57,3.351625808888968,236
58,3.978115403081398,242
59,3.8674429412432487,244
60,4.111301516439911,249
61,2.8813024586369362,255
62,3.048797687277356,258
63,3.405548191391943,261
64,3.353915785666586,282
65,2.5907295357833093,291
66,2.829621595089532,296
67,4.29774893162393,297
68,3.0037400044591687,304
69,2.683650477994227,310
70,2.713077626411118,326
71,2.044606162266496,327
72,4.363270420228378,332
73,2.417728386568619,338
74,4.794225040832183,342
75,4.730072025537097,344
76,4.052526877695309,349
77,3.6148454915126824,351
78,2.5609661897537848,359
79,4.000063401644241,367
80,3.5450291987424354,377
81,3.853695455075971,379
82,4.099468841282982,380
83,2.5126712935168967,382
84,3.123763552378993,389
85,4.4691357892029036,394
86,3.327312612461658,395
87,2.7642835218095136,402
88,3.572161270103104,413
89,2.816364663590909,415
90,2.347276387668201,416
91,3.365658576073051,422
92,2.9861500501966822,423
93,4.1494982382813275,426
94,3.948872965611211,430
95,4.058795959351108,440
96,3.0478070895226232,442
97,4.118205414992939,451
98,4.161862732963707,454
99,4.477052684172511,455
100,3.5696795433954507,456
101,2.8550348315792387,459
102,3.678666554761664,461
103,3.7608168758398626,462
104,4.878653558582994,463
105,3.3534201057895388,464
106,2.6649697346956094,469
107,4.042699394830163,470
108,3.3627155228046184,474
109,4.220174565797067,475
110,3.4874536435786423,494
111,3.97907874615464,500
112,3.9578950104995876,511
113,3.7749215108829075,512
114,3.702616043282319,522
115,2.7818151975222207,530
116,3.3560201344385763,546
117,3.274602779626303,549
118,2.5623571580092617,556
119,3.7076184787434805,563
120,2.980512941875221,580
121,4.044147898198238,581
122,1.9212581072526893,585
123,3.847967044436471,589
124,3.232759496578233,595
125,2.8853349459385664,601
126,3.9067617972703643,605
127,2.11244298230503,609
128,4.608678290459539,620
129,3.4069337559613713,622
130,4.18975894332983,623
131,3.692095018467937,627
132,2.505495954333392,629
133,2.5442678349957166,634
134,3.6600312400880166,636
135,3.074786975975141,641
136,3.0579786117386707,658
137,3.3032677984103094,663
138,2.5624531331014926,668
139,4.381445153027052,691
140,4.143174719983431,694
141,3.9385364142801667,698
142,6.135513906232653,701
143,2.8781118621791997,703
144,2.87691966063748,705
145,3.6653966831779328,711
146,2.8546947535250724,719
147,3.2307272406293235,722
148,2.986498952110556,735
149,3.2902862103174617,736
150,3.2884830447330473,756
151,2.9521988228773863,768
152,2.7882768726746927,770
153,3.08599343375658,774
154,3.329825904805654,784
155,4.021771206472101,786
156,2.664677137744054,796
157,3.5161748182980945,802
158,2.976337986297578,808
159,2.9253408049874974,810
160,3.6945173625133743,816
161,2.670517788833805,820
162,2.9615277217602176,821
163,3.070389185398513,831
164,4.123095546814297,833
165,2.935268349949426,835
166,3.51913505387564,841
167,3.0633370433649025,842
168,2.110978830582705,843
169,3.986330466656361,844
170,3.2349710172588835,848
171,3.9013430735930767,876
172,2.1632463847841863,878
173,3.8801202205900114,883
174,4.079009740259742,890
175,3.781360779829045,894
176,3.9029307440990895,910
177,4.232248782467534,913
178,2.457608549564871,914
179,2.5192396418362115,915
180,4.47035946893024,920
181,2.6952828079456146,923
182,3.017278389962008,928
183,2.4982231161403936,930
184,2.948360893414539,932
185,3.189319855869565,943
186,2.4746273741455354,956
187,4.324715465178801,957
188,3.067309467937893,965
189,2.89344154287235,966
190,4.90397823724478,972
191,3.16616141792904,973
192,2.9146600882271314,975
193,4.127275621233342,981
194,3.006604967629343,982
195,2.4888159032594435,983
196,4.109747746321274,986
197,3.2596683848565022,993
198,3.3804077534667356,996
199,3.2340750517026824,999
200,2.318167215891826,1009
201,3.973671304390054,1014
202,2.558094570713081,1017
203,2.340852494084532,1021
204,2.8429191919191914,1032
205,4.630158767294798,1040
206,3.598260732323232,1043
207,3.125049559011235,1045
208,3.6735612738761927,1051
209,2.3685869673627034,1055
210,2.936765311077812,1063
211,3.033947190449579,1066
212,4.165311183628461,1070
213,3.127961270800746,1073
214,2.999335802228818,1075
215,2.707204001585422,1080
216,2.8978128269862107,1083
217,3.205152326839829,1087
218,1.9922782255552511,1090
219,3.8524968743130517,1093
220,4.110287185037186,1102
221,2.094983311281167,1104
222,3.4743297192573497,1106
223,2.24179086811459,1115
224,3.3100084325396835,1120
225,2.935672422449478,1134
226,3.271468570627551,1139
227,3.949350597319348,1140
228,2.546111139266788,1142
229,2.9413605870292967,1145
230,1.9825191539521452,1148
231,3.2443809083605815,1152
232,2.6919278764154213,1160
233,3.767422483766234,1163
234,4.3330480262792745,1183
235,3.8645227243113665,1185
236,2.6619115374434257,1186
237,2.9923899054465863,1190
238,3.4522643654654517,1195
239,4.484805799796603,1199
240,4.012673024891775,1202
241,4.87508827406254,1211
242,3.22090693396866,1216
243,2.2796079943340954,1222
244,2.5528361211770783,1227
245,3.897169181147798,1235
246,2.704597552245878,1236
247,2.8331698975626374,1237
248,2.4796801782819085,1239
249,3.7113102072040633,1247
250,3.186473876139754,1249
251,3.145125896978838,1257
252,3.5248614135047944,1261
253,3.279036775841649,1262
254,2.790151835343126,1268
255,2.569047693610146,1269
256,3.3085334122576775,1273
257,2.909861210319608,1274
258,3.1940795863937734,1287
259,3.9464398642032603,1292
260,3.9935252004939503,1299
261,3.2376112311152845,1303
262,2.1038169908642534,1305
263,2.9083157667019752,1314
264,3.466711041409572,1317
265,3.7466661507352317,1320
266,3.7896038653112174,1325
267,4.085856187704198,1326
268,2.9053246559785952,1331
269,2.2971378898396946,1337
270,2.3981417726267726,1341
271,2.54247471044965,1369
272,3.0984277643924703,1371
273,3.5492210920808747,1373
274,3.1809366577021096,1382
275,3.6029636055537835,1400
276,2.7972025486794583,1402
277,4.125008432539683,1403
278,2.281659368788371,1410
279,3.9149622325251006,1416
280,4.825674993987494,1426
281,2.0760492627500082,1429
282,2.275050337445799,1439
283,4.913582804858538,1442
284,3.334010868233064,1459
285,5.2659908863873595,1473
286,2.828577811077811,1479
287,3.4145179217150514,1485
288,2.0158467117789707,1486
289,2.8576534584273356,1490
290,2.199836653788797,1494
291,2.3948501414086922,1497
292,3.198861461058962,1498
293,2.673501721846053,1501
294,3.062437991188359,1502
295,4.197989796220292,1507
296,2.848320918984925,1521
297,2.4139429058482373,1525
298,2.0048520280909705,1532
299,3.919357483815203,1534
300,5.008865535159289,1535
301,2.9913491357676127,1540
302,3.537053115401653,1544
303,3.8654800078430083,1555
304,3.182119866613643,1556
305,3.9428984775927898,1558
306,2.7430170611624094,1566
307,3.8456851154513867,1570
308,2.886516536503745,1586
309,3.149910812022946,1588
310,2.8668147754313043,1591
311,2.965417027417027,1593
312,4.467852706321454,1594
313,3.0442522386128372,1596
314,4.472903471528469,1600
315,3.5347745865245845,1604
316,3.1655712619691583,1610
317,4.144005997474747,1611
318,2.790137771803133,1618
319,3.8412079725829718,1634
320,1.9587193633933404,1637
321,3.6552732073222463,1638
322,2.4899171372447015,1642
323,3.442501652203905,1644
324,2.9939900306389196,1647
325,3.97907874615464,1648
326,2.672913240451586,1654
327,3.3271548983155084,1661
328,2.6904489974937356,1688
329,2.935311582823273,1689
330,2.341957332211292,1695
331,2.536700063754093,1701
332,3.618681650221126,1704
333,3.0917758822167674,1711
334,3.439011230063895,1715
335,5.302556596181592,1722
336,4.976594915501164,1724
337,3.905393072205571,1729
338,3.0805155210849677,1741
339,2.8680487112869524,1749
340,2.789972705291784,1752
341,4.008311346887242,1756
342,5.345621986673458,1759
343,4.5544521397719935,1761
344,4.596566567725575,1765
345,3.2834040577478096,1772
346,2.571823731415642,1780
347,2.5726787742980664,1783
348,3.1497541645897984,1785
349,4.0013859304897625,1797
350,3.6385727091733395,1801
351,3.1586692379780605,1815
352,3.5422926574304303,1817
353,3.3165354324302694,1818
354,2.729138496328332,1824
355,3.0353182745530343,1825
356,3.4418119342548676,1828
357,3.5828254632870817,1829
358,2.6503154905960065,1831
359,3.1862943514818527,1833
360,2.5037163675785004,1837
361,3.2876640347290937,1845
362,3.1161282620157618,1846
363,2.7968676198801203,1848
364,4.3887807098926706,1857
365,3.165694761395079,1858
366,3.078766030844158,1863
367,3.954290701537023,1875
368,4.810831494689952,1876
369,3.738691910761607,1884
370,3.404805319954913,1886
371,2.648250529697645,1891
372,2.263114044547682,1896
373,2.78085448676785,1904
374,2.4646025733226167,1910
375,5.009794474922303,1912
376,3.3609644200091777,1920
377,6.07044613164613,1925
378,4.045928093858402,1927
379,4.383923142829391,1934
380,3.03233056919546,1937
381,5.104449124200962,1955
382,4.347947393700351,1956
383,5.807332341269841,1959
384,3.135046153209667,1961
385,4.605172860942819,1964
386,2.311981533622305,1967
387,2.6413158963585444,1969
388,2.9732028810487185,1972
389,3.9229594472261287,1973
390,2.6870512755218634,1981
391,3.3332390811147827,1991
392,3.501502026838148,1992
393,3.59439329605691,1994
394,3.4511311180805806,2001
395,3.785541229144746,2003
396,2.9096763944797015,2009
397,3.556311501086094,2011
398,3.3895497503227756,2016
399,2.439217468771694,2020
400,3.073358771314204,2027
401,2.659189600432246,2034
402,4.346420607355095,2035
403,2.9122271382096354,2037
404,4.0554239077859995,2039
405,3.033858629055149,2040
406,3.037522977022978,2051
407,3.70254318798891,2052
408,2.8049068432276796,2054
409,2.3753230758761497,2057
410,4.034180619975266,2062
411,2.0040215775296266,2064
412,3.4212379917711484,2067
413,2.9767178483234513,2072
414,2.933755903528635,2073
415,4.237615098690996,2074
416,2.9866117208778804,2075
417,2.0513511932461377,2077
418,2.6185103678247175,2078
419,3.0580524214771567,2093
420,2.6277356652232617,2102
421,2.8387851361346157,2104
422,2.284790203096559,2105
423,2.908536069173793,2106
424,3.7665535720174925,2114
425,4.246509749033643,2116
426,2.9750939997316244,2119
427,4.869218868957841,2120
428,2.464685680976164,2124
429,3.462644223831723,2125
430,2.1639073740336348,2141
431,3.9607617823092225,2142
432,3.1394119902381834,2145
433,2.744461511793574,2146
434,3.5428420199135657,2156
435,3.3178247663283944,2162
436,3.4948532828833363,2166
437,2.815656155231844,2177
438,2.842111090630805,2181
439,3.395310654085295,2188
440,2.4579415391659833,2190
441,3.1755874960818202,2200
442,3.1141663620252356,2204
443,3.399224311243759,2205
444,2.8714096853375746,2207
445,3.7415733543417344,2210
446,3.6737662878959894,2216
447,3.2385470951154964,2217
448,3.9358530515081918,2228
449,3.4699928651690373,2229
450,2.654090227195504,2230
451,3.2608844955883587,2233
452,4.28341868980561,2236
453,3.185383637196139,2238
454,3.4538499654680392,2252
455,3.8158697470292884,2255
456,3.2876574350027443,2262
457,3.098950625926684,2263
458,4.760779259547646,2271
459,2.6837526034563775,2272
460,2.9327245465823735,2283
461,2.3302122759130537,2284
462,3.63098186543031,2289
463,4.080564407422684,2292
464,3.1674513885559183,2293
465,2.305863701350053,2296
466,3.153176809452158,2298
467,3.7157026064213574,2300
468,3.0869503602747046,2306
469,4.519958108921981,2311
470,2.7019269362173772,2314
471,2.4580624805881808,2318
472,2.981923027340305,2321
473,2.8980383960587996,2322
474,3.637069573431285,2324
475,3.720521855057355,2327
476,2.950798757855681,2341
477,1.891747323502641,2342
478,2.4480340318545086,2345
479,3.9122108134920643,2354
480,3.629696593097054,2358
481,3.24508013363448,2359
482,3.5208353367862286,2360
483,2.1501002228006048,2365
484,3.6942255072825736,2374
485,2.06829392852661,2377
486,3.0785858189449464,2382
487,3.323453426894315,2384
488,3.310686656116579,2387
489,3.0906458148728704,2391
490,2.863831091612985,2392
491,2.766578735824422,2398
492,2.1087206117559534,2400
493,2.906806517656737,2402
494,4.163693742269637,2405
495,2.901028504105125,2406
496,3.24329032833996,2408
497,3.306583808552557,2409
498,3.712971699664714,2410
499,3.551926563036283,2415
500,3.902284226190478,2418
501,3.0618384381925052,2420
502,3.256979166666669,2421
503,3.966245149196043,2422
504,2.5227744295826313,2427
505,2.9579758609038023,2429
506,3.667244077382064,2436
507,4.026176874263079,2444
508,2.6575996343435353,2463
509,3.7584876600184156,2476
510,3.7914729370252798,2481
511,3.227308472736415,2483
512,3.2317968489066455,2487
513,2.9192674979645705,2497
514,2.488186718318623,2501
515,3.0856489482739473,2502
516,3.6220859864027,2504
517,3.10112376119117,2516
518,3.64049478967455,2533
519,3.037522977022978,2537
520,4.043448468198468,2539
521,2.2260733527705994,2540
522,3.1510506131339353,2545
523,3.028866568329389,2547
524,2.436153682052398,2551
525,2.6079236924845373,2556
526,2.9113034003011693,2560
527,2.1879568108061536,2569
528,2.70375439992462,2571
529,2.5773940061899028,2572
530,3.6500196361423036,2574
531,2.908192614348044,2579
532,2.8798013889332594,2581
533,2.726695293001454,2584
534,2.65388315023936,2589
535,2.8422742750732066,2593
536,3.95043789890665,2602
537,3.3467874802198936,2603
538,3.768088878313841,2606
539,3.854002565164155,2608
540,3.2522768357886402,2620
541,3.061987251391301,2625
542,4.1910568563381085,2630
543,4.251677503052504,2644
544,3.305932449494952,2645
545,3.815712095249177,2647
546,5.219032917547785,2648
547,3.1955977759853216,2660
548,3.2357926587301606,2662
549,2.779558817571319,2666
550,2.762079236039847,2667
551,3.6020370917198905,2672
552,2.544096609239218,2704
553,2.5860661940728367,2705
554,3.706814154595406,2708
555,3.3221380028353718,2712
556,2.9451545607170595,2719
557,3.265611972014108,2725
558,3.005735740299897,2728
559,2.6507731015665468,2731
560,3.1504568802906308,2737
561,3.1500365051615065,2764
562,2.6001571969696955,2765
563,3.037522977022978,2767
564,2.303008013697467,2772
565,2.623103979299711,2780
566,4.307931992897455,2783
567,2.850090134065694,2786
568,3.4861130947977874,2793
569,5.014096318859708,2794
570,2.0065199402477556,2796
571,3.236720532939283,2798
572,2.064668389642743,2801
573,4.029716190876117,2803
574,2.7193577034878675,2804
575,3.9089447721396238,2805
576,4.018613045247235,2814
577,8.554780989925103,2817
578,3.9784763292263268,2821
579,5.738642949370891,2826
580,3.7754115663038292,2834
581,3.0413866345616403,2835
582,2.5361056674501814,2837
583,4.752964904216981,2841
584,5.034647289393614,2844
585,3.0984277643924703,2847
586,4.485859857613148,2848
587,3.887413886766828,2859
588,3.3447791019702238,2862
589,4.050580944124676,2863
590,2.4204687999539423,2869
591,3.074756170259479,2873
592,3.3929163099445345,2877
593,3.685559480756173,2880
594,2.1283464419337266,2882
595,4.005370438589189,2883
596,3.4919811230436237,2885
597,4.618816945626211,2888
598,3.2293579932011136,2910
599,4.0773668053177,2913
600,2.6476026280905285,2917
601,4.468628017272581,2918
602,3.13382194888445,2923
603,3.98372494010963,2930
604,3.4011400798955957,2939
605,4.191362904005606,2942
606,4.148062111499611,2972
607,3.8464800790195652,2973
608,3.1056241161766502,2975
609,2.4688311680379016,2986
610,3.3814988898101954,2989
611,3.5266389082148004,2991
612,3.5310771821662796,2999
613,2.9497171725990476,3013
614,3.0550711619086974,3014
615,2.468294726661367,3017
616,2.622534685452221,3020
617,2.8618857656568695,3022
618,2.735510647727196,3024
619,2.8146352183545615,3026
620,5.053199280986471,3030
621,3.5791537554151023,3031
622,3.7180028427454896,3039
623,3.7345350797454033,3051
624,2.918244529734972,3057
625,3.031722819225826,3069
626,2.352104314868073,3075
627,2.3815137017737773,3081
628,4.690282068888934,3085
629,3.957545737496632,3087
630,2.639845446935303,3088
631,2.153217048072784,3094
632,2.9335136759826095,3101
633,4.4368942491332195,3104
634,2.641011542864593,3111
635,3.359177117000645,3113
636,4.224175139515655,3122
637,2.0642893865535146,3127
638,3.0676335477013974,3134
639,3.8226100921139397,3136
640,4.103438338464656,3143
641,4.17021195507709,3152
642,2.4741178382478854,3157
643,2.021494946537138,3164
644,3.2874452138443933,3168
645,3.640709677395029,3178
646,2.1834518874971054,3180
647,2.634519160406157,3181
648,3.0570866855904204,3194
649,3.9518310591678523,3195
650,4.28978271034521,3199
651,3.391600008669223,3200
652,3.6914715229037647,3209
653,2.6023511122638894,3217
654,2.0631275861582177,3229
655,2.4091308223547028,3232
656,2.820313410179994,3233
657,2.8027478832186974,3234
658,2.7932560384868967,3243
659,2.9974211097159156,3252
660,4.143158185306696,3253
661,3.5005410877609613,3268
662,3.394601864638631,3271
663,3.077439824064825,3274
664,3.905081326724652,3288
665,3.56319630422166,3294
666,3.191073707775185,3309
667,3.6152085191215253,3313
668,3.7379961610377292,3315
669,2.8226801244388224,3320
670,2.7021289540654947,3328
671,3.5018794211525193,3331
672,3.751536369332423,3332
673,3.7060741372154404,3333
674,3.363735858071254,3353
675,3.3971005503998923,3355
676,3.7288721139971135,3367
677,2.8604784701131067,3369
678,3.250515873015875,3371
679,2.8988575137505297,3375
680,5.377818283799536,3376
681,3.8729150826774497,3384
682,4.26305398031221,3388
683,2.6650691088695293,3396
684,2.4844268845078066,3404
685,2.640005650997878,3405
686,2.9735375543927423,3406
687,2.651040349629781,3408
688,2.07431954757814,3409
689,2.3517202135932798,3415
690,3.019504550271792,3418
691,3.8411064779959414,3419
692,2.4897945095247866,3422
693,3.1576285109951603,3427
694,3.425948909673512,3429
695,2.8440785919556135,3436
696,3.1030315299488063,3437
697,2.6191154605198728,3438
698,2.5432105201839614,3450
699,2.34382779783149,3456
700,3.3478096225560114,3462
701,2.7083380520259914,3478
702,3.335558826823032,3482
703,2.875892537772684,3483
704,2.618529487709333,3485
705,2.691675618066003,3487
706,3.382059741192387,3493
707,3.000553983301603,3496
708,2.267786030361109,3497
709,3.426879509379508,3500
710,5.212668131941159,3501
711,3.160028358793984,3504
712,2.7125324696127247,3505
713,3.0118445727195535,3512
714,3.920835600411495,3515
715,2.634158378720009,3519
716,2.0773369181202113,3527
717,2.5975957881987295,3529
718,2.8621416895418434,3530
719,2.706264296037052,3532
720,3.4628797565738356,3540
721,2.6674101503276133,3547
722,3.777258861683533,3552
723,2.352491101424386,3554
724,3.4671092899714715,3561
725,4.186276894995368,3565
726,2.3720726683946736,3568
727,3.238329705464787,3572
728,4.03755942663253,3574
729,2.610818810555943,3577
730,2.604828440545321,3578
731,3.0592485834875287,3584
732,3.991554511460762,3597
733,4.0137092270474595,3599
734,3.114775094671509,3604
735,2.4992201456427754,3606
736,2.805709404250688,3607
737,3.9716986797924276,3634
738,3.0190863720229415,3635
739,3.1986499626254306,3639
740,3.9691392218892254,3642
741,4.351835795413503,3658
742,3.4939209391203296,3661
743,4.584635571061316,3663
744,3.8210585074391004,3666
745,3.624038973427367,3667
746,4.493410280910611,3668
747,3.161632440476189,3669
748,4.829716210872461,3671
749,4.549172040619846,3676
750,4.35745226379013,3682
751,4.518186272260308,3685
752,4.249894437439832,3687
753,4.0987042158431235,3695
754,2.8124259190176293,3697
755,3.94054655612245,3698
756,2.522189237261955,3704
757,3.9633268066088196,3706
758,3.004264764079731,3707
759,3.1834780938016234,3709
760,3.4439710179215224,3715
761,3.5244168806125082,3723
762,3.515838008778874,3724
763,3.2215654975131063,3735
764,4.160078847842978,3739
765,3.8158042929292915,3749
766,2.404134535848139,3756
767,3.2548746929593726,3757
768,3.1895810982318324,3761
769,3.047059875197131,3763
770,3.571747684230022,3767
771,2.7128947071873335,3770
772,3.2156881921943206,3778
773,3.558433028776778,3779
774,3.889297917360419,3786
775,3.7521615047963737,3787
776,3.3427604236041746,3788
777,3.607517016597471,3793
778,2.376770919550023,3816
779,3.399520351512288,3818
780,3.7216345043845034,3819
781,2.8050929233756445,3823
782,2.550144923781857,3824
783,3.055065582293525,3844
784,3.2766024388623056,3847
785,3.165669233870484,3851
786,2.6916765040698016,3853
787,2.107430758934049,3858
788,2.7527580373636042,3861
789,4.044854019048584,3862
790,3.455331685759204,3863
791,3.271193702131203,3864
792,3.9573453325774777,3871
793,3.411764395813307,3875
794,3.7508770081408898,3883
795,2.5793110225925773,3885
796,3.0388184886789498,3886
797,2.502359900800093,3897
798,3.0032522297874227,3899
799,2.1520854390796478,3902
800,2.6398145093607757,3904
801,3.94054655612245,3905
802,3.8266238766726848,3906
803,3.0354851382829677,3910
804,4.3546525358289685,3917
805,5.042546323091158,3922
806,2.7734616305043915,3923
807,2.5251799451026455,3928
808,2.534937570536074,3931
809,3.0984277643924703,3939
810,3.195015421009541,3941
811,4.131312708049798,3948
812,3.5563486003988247,3951
813,2.2481568319708236,3959
814,3.1553777750027763,3966
815,2.8969788112392023,3974
816,3.5383048756798745,3975
817,5.032863531662048,3977
818,4.437402014649869,3978
819,3.1584643106114942,3979
820,4.115966273310018,3989
821,3.0258092370920293,3992
822,3.367685778832591,3993
823,4.463347106250897,3995
824,2.6307320357935797,4001
825,3.1991150380794355,4005
826,2.186307597004207,4008
827,2.597617063509032,4010
828,2.785877712255646,4011
829,3.0085880255491757,4015
830,3.783948252180608,4024
831,3.8150015578243583,4028
832,2.4598454531932887,4031
833,3.3536921842132768,4039
834,3.1955131949609368,4044
835,2.9804437295160993,4046
836,3.5271808434112724,4063
837,2.8034134823509835,4065
838,3.342554557797011,4076
839,3.232774644881262,4081
840,2.9682393789217314,4082
841,3.2273622752490247,4084
842,4.067939261138758,4086
843,2.6883340875992783,4096
844,4.42587377553003,4097
845,3.1592581432580165,4101
846,3.634722129661273,4103
847,2.632622153001056,4111
848,3.434193598068598,4118
849,3.2718760730433085,4120
850,4.406648040595749,4122
851,2.2447249518029757,4123
852,1.9581581403171109,4127
853,2.127973674288199,4128
854,3.1245779012654022,4148
855,1.8656062636200117,4150
856,2.589205350423719,4154
857,3.397781671963655,4158
858,3.0122426039338763,4162
859,4.811114085914083,4163
860,4.550310282446313,4173
861,2.566257306950924,4182
862,3.3218094510279257,4189
863,4.22520382672268,4202
864,3.5491030847489635,4206
865,2.4840473283795834,4207
866,2.777178553925864,4218
867,2.9713087545624295,4227
868,3.363865828819873,4233
869,4.916067302738955,4234
870,3.4062298763328194,4241
871,4.588216849123101,4242
872,2.8456011384258386,4246
873,2.8720325116267578,4248
874,3.5480494992623473,4249
875,4.432704646279647,4254
876,2.9670377918481194,4255
877,2.5903986633904506,4256
878,4.150799740427697,4257
879,5.196656526331408,4261
880,2.428659911057115,4263
881,3.9727275814463328,4269
882,3.7048301173434095,4279
883,2.471377586194642,4285
884,4.446413770257519,4293
885,3.1771137075364337,4296
886,4.572011960261963,4311
887,3.4721853070238398,4316
888,2.1219701736385628,4331
889,3.124424835581087,4334
890,3.9577109765234764,4341
891,4.548093175125525,4343
892,3.7409932113535787,4344
893,2.9978476720171523,4348
894,2.958054921840759,4350
895,2.386568249085256,4358
896,2.976314289876791,4359
897,5.325718814647215,4365
898,2.1175518194326948,4367
899,2.82175741665202,4371
900,3.325008389542489,4372
901,3.976233533827284,4374
902,4.32253049034299,4385
903,2.6874176172413375,4403
904,2.214790362005957,4405
905,2.821430749461576,4422
906,5.419084270805821,4423
907,3.012860453147698,4440
908,3.243620744528311,4444
909,3.0697293542209247,4446
910,4.681832052549166,4468
911,2.826206675503586,4478
912,7.594810767010759,4480
913,3.0888625907725173,4481
914,4.871444018724363,4485
915,4.252552965429958,4489
916,3.070232974173523,4490
917,4.598226556549444,4492
918,3.2061872338205073,4500
919,5.088010836385833,4502
920,3.1562398067135238,4509
921,3.8577864161659634,4510
922,4.6458219523532,4511
923,2.8405309448728753,4519
924,2.043750566665817,4525
925,3.3544508677387115,4528
926,3.741263694168506,4533
927,2.6999790692192374,4546
928,2.5102377044132185,4549
929,3.021427374667815,4555
930,2.5724896146360523,4558
931,3.9996995142754095,4559
932,3.433849497788929,4567
933,2.3701868842403115,4568
934,1.676152882419337,4571
935,2.6040359795281165,4574
936,2.4665012160128352,4578
937,4.615905315166508,4579
938,4.62360886515394,4582
939,2.913235385458533,4584
940,3.1473549378663845,4586
941,3.112343216962193,4590
942,3.019405096805636,4598
943,3.5451144747600334,4601
944,3.1153592007120063,4602
945,2.245823442077979,4611
946,3.9350964570452773,4614
947,3.917940981285651,4629
948,3.5468824382317057,4647
949,3.4552800825274845,4653
950,2.5382200848579526,4662
951,2.8459066245494413,4675
952,3.3363231264397064,4676
953,2.9110240524224635,4678
954,4.238638312315924,4679
955,4.044868207345771,4682
956,4.177484487734489,4691
957,3.088131013357987,4705
958,2.3860448376883063,4712
959,1.7847008347005504,4720
960,2.297955252680734,4722
961,3.1172150092554483,4728
962,2.940504964220594,4732
963,4.351777821689373,4735
964,2.693504801381252,4737
965,3.2316694276801807,4742
966,3.40453294898275,4745
967,2.9138398453398464,4751
968,3.7632672138233296,4754
969,3.4367704460572126,4762
970,2.851060760394725,4765
971,3.648120647156258,4767
972,2.6642392228953162,4778
973,3.0265353267970068,4783
974,3.8635069222757847,4789
975,3.355395358995625,4793
976,2.402715600029457,4804
977,1.8813562308357255,4805
978,4.492019810051062,4807
979,3.4725503111115668,4816
980,4.252430569430571,4821
981,2.8403321582140695,4823
982,2.863538823971489,4824
983,3.1705782528008872,4825
984,2.8869979253216953,4831
985,3.5885042829194616,4834
986,2.607743813835522,4857
987,3.2692273229216875,4859
988,2.7314343409651065,4875
989,5.008764194139196,4891
990,2.5139408458600965,4893
991,2.6501552967971262,4895
992,3.4836569704132656,4901
993,2.4804819276515873,4906
994,3.202657780944547,4913
995,3.216910757135023,4914
996,4.179584036518862,4923
997,2.7492309849572463,4931
998,2.6886431240860578,4941
999,4.167397407943366,4942
1000,2.803392664718321,4947
1001,2.3853357441385397,4957
1002,3.308674185393855,4974
1003,3.0625116344682346,4977
1004,2.114617126349888,4979
1005,3.354271284274671,4986
1006,5.092859768703518,4993
1007,2.8255143670978047,5011
1008,2.3691733741043435,5014
1009,2.685648187984893,5015
1010,2.855363066893574,5016
1011,2.86743480342812,5021
1012,2.6469882499441724,5026
1013,3.0904922924297917,5028
1014,2.988130427000132,5030
1015,2.920237500588234,5034
1016,4.621721783081203,5039
1017,4.032295293496187,5050
1018,4.115993165069061,5054
1019,2.9654799615544145,5064
1020,3.6900813682998415,5065
1021,3.94219030141701,5069
1022,2.9653845505271734,5070
1023,2.6305973680425905,5078
1024,3.231485559761876,5088
1025,4.006780348328141,5091
1026,4.145698099194867,5111
1027,2.887605436990731,5113
1028,2.131029656272345,5120
1029,3.2195768788959582,5129
1030,4.3617696108636475,5134
1031,3.346403919046536,5137
1032,2.8474366660837545,5143
1033,2.199602216848382,5152
1034,2.5174484065591325,5154
1035,2.4841128879702206,5159
1036,2.7918443020851926,5168
1037,2.7037623391176266,5173
1038,2.5921149995622716,5174
1039,2.523670531815505,5176
1040,2.4125457327802917,5195
1041,3.050456095402341,5200
1042,2.5838243881653864,5203
1043,2.2029859098008764,5208
1044,3.875075813644547,5209
1045,4.212868255256653,5213
1046,3.5830878665710975,5221
1047,2.451877000019077,5222
1048,2.6965286660662207,5226
1049,2.6992253063077856,5229
1050,2.8963470249113636,5230
1051,4.065638899295149,5232
1052,4.209235602973849,5237
1053,2.5821436542491614,5238
1054,3.591900176662295,5246
1055,2.5696652036688805,5251
1056,3.0030542972319667,5257
1057,3.275743740853759,5259
1058,3.433380666635225,5262
1059,2.523010788131302,5264
1060,3.6149443893524755,5269
1061,2.919919945964984,5272
1062,2.2502936570563574,5277
1063,3.649104626113782,5279
1064,3.326136166955378,5284
1065,4.852548250360752,5295
1066,3.0462878339913106,5300
1067,3.392975001095394,5301
1068,2.5478438440568114,5306
1069,3.2399710497835503,5311
1070,3.8176931296043124,5318
1071,3.253411929573695,5322
1072,2.7917997186171095,5332
1073,3.6022895542357274,5335
1074,3.511968743934199,5347
1075,3.535336937606496,5351
1076,2.977871457019779,5358
1077,3.5151289855977375,5362
1078,3.6392469753536063,5366
1079,3.4535125496690977,5367
1080,3.225098522272755,5369
1081,2.7411791639474847,5375
1082,2.5183773766820927,5381
1083,4.906622030991118,5383
1084,3.3835798991233643,5384
1085,3.944128112567254,5387
1086,3.0036064664502167,5389
1087,2.796671213740679,5391
1088,3.8869683753746234,5393
1089,3.1325006554432986,5394
1090,2.105106368042137,5397
1091,2.4824340636197335,5406
1092,3.4118030754183724,5414
1093,4.0931560626873145,5418
1094,2.653270436942007,5425
1095,2.9639039377706755,5429
1096,3.026499096788859,5443
1097,2.3767761992127783,5444
1098,3.312306942167061,5445
1099,2.160560953177396,5456
1100,2.532531483105386,5466
1101,3.2961850869490847,5470
1102,2.5630614769491853,5493
1103,3.4753353388502886,5506
1104,3.217400821468667,5512
1105,3.1858185831150645,5525
1106,2.7462501258668848,5526
1107,3.4245573909907265,5533
1108,3.376835480856863,5537
1109,3.6057918587902305,5543
1110,2.8228355168223596,5550
1111,2.99205162477792,5556
1112,2.2395429375933116,5557
1113,2.428245563072339,5566
1114,4.637725885225887,5579
1115,3.0456039167704363,5581
1116,2.8198589914193235,5582
1117,4.0460816055289754,5583
1118,4.4298872321471485,5585
1119,2.474170666739361,5594
1120,4.641497609205768,5595
1121,3.3290538075615475,5600
1122,2.592844565563929,5607
1123,2.436516347255982,5609
1124,3.150061984311981,5620
1125,3.873128737275793,5621
1126,4.091014362984123,5629
1127,2.465619492478627,5633
1128,2.732356289803656,5647
1129,2.6556734534894546,5657
1130,3.9717516304966995,5670
1131,2.6438114844593796,5677
1132,2.6192124615746257,5692
1133,2.834768308075906,5694
1134,2.956066843471339,5698
1135,3.6104046106263015,5702
1136,4.075093165106954,5703
1137,3.970264511361212,5707
1138,2.540022027901691,5709
1139,4.10697212672948,5712
1140,3.3587548958394557,5713
1141,4.749313010504587,5715
1142,3.794089966771982,5723
1143,2.534147419756162,5725
1144,2.8758142749009257,5729
1145,4.7968199850528235,5733
1146,3.2906395648360713,5735
1147,4.350170779690082,5740
1148,3.654651358037388,5756
1149,3.8027813412995624,5761
1150,4.182813985238621,5777
1151,2.8790640525821134,5783
1152,3.0239484182484198,5792
1153,2.707772574647576,5793
1154,3.169920714701962,5797
1155,3.3027034215784226,5801
1156,2.972877255160037,5807
1157,2.676970695562608,5812
1158,2.4433449017335436,5824
1159,3.0116315752325487,5829
1160,2.474542019045194,5841
1161,3.8927662298571732,5842
1162,3.188310551973451,5845
1163,2.628388369573072,5846
1164,2.524773053770258,5850
1165,2.594957106198592,5852
1166,3.1440404727590074,5853
1167,2.605838063084801,5864
1168,2.6556361549440806,5869
1169,2.3873849725323417,5875
1170,2.5019658475545192,5876
1171,3.024560503489296,5878
1172,3.8361794706518975,5891
1173,3.0352282909084387,5907
1174,3.4022335377096864,5908
1175,2.735596261336703,5918
1176,2.6359241976636048,5919
1177,3.8530561278998783,5920
1178,3.1465270029654575,5921
1179,2.3841028368177644,5924
1180,4.292114309433451,5933
1181,2.4028858669483673,5934
1182,2.881946190870076,5935
1183,3.601511833900226,5939
1184,2.456163226681596,5943
1185,4.79916321627027,5946
1186,2.869523206495034,5957
1187,3.839418508778802,5961
1188,2.5845918135708716,5965
1189,3.5595284724067504,5970
1190,4.2209217192551165,5980
1191,3.398165582628437,5981
1192,3.427459484308626,5982
1193,3.5523666403041396,5984
1194,3.5549728164668037,5987
1195,3.5093677661313394,5988
1196,3.752813309054784,5989
1197,2.4467663090782876,5992
1198,4.754672261766011,6010
1199,2.180432856430485,6011
1200,2.829372088012514,6019
1201,3.7344610198606545,6026
1202,2.586497759011948,6027
1203,3.1565740160683844,6028
1204,2.889117647670956,6031
1205,2.800400531479351,6034
1206,2.9563564247231526,6040
1207,4.6017814527492735,6044
1208,4.761243860870014,6046
1209,2.5463086168785893,6061
1210,3.226693650605575,6067
1211,3.85839266156734,6073
1212,2.865882217520514,6077
1213,2.9274989605497397,6096
1214,3.58061185305922,6100
1215,4.018414682539684,6114
1216,4.307149746914087,6115
1217,3.142285731218064,6118
1218,3.333102901298267,6128
1219,3.328859612609613,6131
1220,2.7725138678643697,6141
1221,3.839423745741495,6142
1222,2.689808571950234,6148
1223,2.8486579836226578,6150
1224,2.8812502046564568,6152
1225,2.4540565003923147,6162
1226,4.224208957862082,6169
1227,3.8546906164851875,6173
1228,3.245844115950269,6175
1229,3.470140519874192,6188
1230,3.4781157103475517,6190
1231,3.7112730693967575,6208
1232,3.1397021270586767,6209
1233,2.519139579901093,6212
1234,2.721394778428394,6213
1235,3.253655361821819,6222
1236,2.4922344571305115,6225
1237,2.063623037567145,6228
1238,4.159407564351499,6238
1239,2.9935463534073454,6244
1240,2.9153507553789484,6245
1241,1.6506464982788125,6246
1242,4.080351750450094,6248
1243,2.5287972917283095,6250
1244,3.0614489850019275,6268
1245,4.722496804939651,6270
1246,3.024751179727762,6271
1247,2.635818021133279,6273
1248,2.0192405540410845,6275
1249,4.994677523865025,6282
1250,3.6436286127077175,6287
1251,3.0090369679408946,6288
1252,3.197322159480137,6305
1253,2.321403048043603,6307
1254,3.901038193832314,6310
1255,2.5326821592125297,6317
1256,4.188093130862628,6322
1257,3.530250104261279,6326
1258,4.539471166260636,6335
1259,3.3426213906599958,6346
1260,2.9590813644688647,6362
1261,4.557273898232167,6369
1262,3.8493152322941886,6370
1263,3.7478610362749634,6371
1264,3.6631135033848414,6375
1265,2.8910968178063756,6382
1266,3.2120952631289117,6383
1267,2.6779169744390496,6387
1268,4.325585765870981,6392
1269,2.5853798121133362,6394
1270,3.465975608494549,6397
1271,2.0737939196521897,6400
1272,2.3342883463348625,6403
1273,3.795876355821288,6416
1274,2.6201214276097606,6422
1275,3.2986437590187614,6430
1276,4.9215654401154385,6431
1277,3.5665637104253354,6450
1278,2.1507521556957037,6455
1279,3.1035772835859814,6459
1280,3.0969137132418183,6460
1281,2.59609895196391,6464
1282,2.7821773551941864,6465
1283,3.3965944590540187,6468
1284,3.3299120527517556,6476
1285,3.765651684736612,6479
1286,4.308161763598986,6484
1287,3.912568047814758,6485
1288,3.783453658256293,6489
1289,2.7604436970781467,6493
1290,3.2106268731268752,6501
1291,3.2237032882325525,6503
1292,2.073512507658265,6505
1293,4.1440875300113,6514
1294,4.209160300687873,6520
1295,3.991554511460762,6533
1296,4.073158730158731,6536
1297,2.074884337824492,6542
1298,3.159779997793163,6551
1299,2.912226543082523,6554
1300,3.234805133158755,6557
1301,5.387698791200629,6560
1302,3.1738386091431288,6561
1303,4.157399680445398,6567
1304,2.936349680548212,6571
1305,3.261717362498611,6572
1306,4.508876156737994,6575
1307,2.6386202333039988,6583
1308,4.225128766718221,6588
1309,5.080173337833775,6590
1310,4.4855014772400805,6596
1311,2.516942860133499,6597
1312,4.025623516391882,6599
1313,3.308591871601851,6602
1314,5.001982894556427,6607
1315,4.809745655488302,6616
1316,4.049864287282764,6623
1317,4.93232951766264,6625
1318,2.768353017169169,6627
1319,3.659294816319141,6642
1320,5.027361400854047,6650
1321,5.525553513847266,6651
1322,3.70377707015207,6659
1323,4.296318471986951,6660
1324,4.334142099748078,6665
1325,3.6525584776191393,6669
1326,3.234089273707892,6673
1327,4.209877213064715,6674
1328,6.219872192651764,6677
1329,4.35100144315394,6681
1330,4.013375375754199,6685
1331,2.765766468868252,6687
1332,3.3069622195614854,6691
1333,3.9555697913197925,6698
1334,3.465431905018785,6709
1335,2.892483901515152,6711
1336,4.83556663598498,6714
1337,3.7757019430959495,6718
1338,5.3832599598469155,6741
1339,3.8445172062414725,6743
1340,4.691025287212789,6744
1341,2.80722841665324,6745
1342,2.746862180825007,6751
1343,5.42228801311737,6752
1344,3.600443736818739,6755
1345,4.962375797568878,6760
1346,2.490672781175564,6761
1347,2.177034694964437,6762
1348,3.644464964662164,6765
1349,2.9002042898558362,6788
1350,2.776957150661287,6797
1351,2.747828434742037,6803
1352,2.638004281729969,6805
1353,3.731222747937983,6807
1354,3.811937555498685,6808
1355,4.676328978251293,6810
1356,4.378940367275773,6834
1357,3.571776022416696,6843
1358,3.6046820724210455,6851
1359,2.896948326993814,6852
1360,3.656403522131464,6853
1361,4.409735817899419,6857
1362,3.210628356054104,6858
1363,3.37796325820148,6867
1364,2.729851902234847,6880
1365,3.7570830216223414,6886
1366,3.876469880813634,6890
1367,2.706083815412873,6893
1368,2.780543965887334,6897
1369,5.2679838352007495,6909
1370,3.0776333771764364,6913
1371,2.9109838719179852,6926
1372,3.6932965344840323,6929
1373,3.647414782077825,6933
1374,4.103053071928069,6942
1375,3.0829220629588265,6957
1376,4.770723394987365,6962
1377,2.6910326109076106,6966
1378,3.2723896248043847,6980
1379,3.3650285664090824,6985
1380,4.665093117962954,6987
1381,4.828458130309236,6988
1382,2.856574290710555,6989
1383,3.7516686146521687,6991
1384,2.9748567803724075,6996
1385,3.2971649464202217,7001
1386,4.4079535429847905,7002
1387,3.095062198972526,7011
1388,4.238455152686014,7012
1389,2.452377013763528,7014
1390,2.579034036911354,7016
1391,2.5887158893074447,7017
1392,2.712435099524957,7018
1393,4.336003461815967,7019
1394,3.061684597265481,7037
1395,4.740602752900479,7040
1396,2.9121367937617944,7042
1397,3.1589428678560716,7045
1398,4.001808353003206,7046
1399,2.771683775440539,7048
1400,3.1447804491443923,7051
1401,5.114951484177588,7053
1402,4.342924167846044,7056
1403,3.645004870129869,7058
1404,3.431017701918638,7059
1405,2.8106253908737475,7062
1406,2.5742405701500606,7068
1407,2.8595858597495694,7069
1408,3.3859396873387313,7075
1409,4.103136883981603,7080
1410,4.720926581939083,7082
1411,2.515934370833624,7089
1412,2.8749376609028237,7090
1413,3.1033178071928074,7091
1414,3.312600288600289,7098
1415,2.413881208581125,7099
1416,4.222118909081824,7118
1417,3.8327246180730596,7122
1418,3.3614486340865017,7125
1419,3.690702054946403,7132
1420,2.999426546600114,7136
1421,2.525052924870414,7137
1422,3.209131285381286,7148
1423,3.877811686624428,7157
1424,4.5347339801394195,7169
1425,4.315285379425536,7170
1426,2.977823065537312,7177
1427,2.9454808760958366,7180
1428,3.2919087217130727,7183
1429,4.204656032915317,7189
1430,2.976483203956346,7194
1431,2.3704230907980914,7196
1432,2.8162013132904695,7197
1433,3.5985521047657314,7200
1434,4.770401830808081,7202
1435,3.683409935010751,7207
1436,2.66155134102009,7209
1437,4.674565826534573,7217
1438,3.426348324469649,7224
1439,3.3998962174682856,7225
1440,3.5455878000618077,7231
1441,2.6084532635136437,7242
1442,3.159755196103008,7244
1443,4.182622349883176,7246
1444,3.067505776538673,7263
1445,2.7661476520142645,7284
1446,4.261726350038849,7299
1447,2.8671499585308826,7301
1448,4.016113393550893,7307
1449,3.682604756580977,7310
1450,3.3458811064344136,7311
1451,3.7147360402494343,7313
1452,3.213320968002585,7319
1453,4.505804733460981,7325
1454,3.699775089037843,7329
1455,4.837245709151959,7332
1456,3.326105874459251,7337
1457,5.197342308641648,7343
1458,2.5770959993846025,7347
1459,4.036371565934067,7351
1460,5.409457418194548,7356
1461,2.6110248570873567,7367
1462,2.9257708268506932,7370
1463,2.6508312708626676,7371
1464,2.4073651311546342,7374
1465,3.4093534361879967,7377
1466,2.636298150454002,7378
1467,3.1182878326738592,7387
1468,2.022134163275753,7401
1469,4.057464495693635,7418
1470,4.408944163475412,7420
1471,3.695129051938755,7425
1472,3.6189092487831083,7427
1473,4.826166385697637,7429
1474,2.700661625911626,7430
1475,5.669498305167056,7436
1476,2.4772487604705584,7446
1477,5.073389780797916,7449
1478,4.407297139624799,7452
1479,2.9540847843972853,7456
1480,2.861439828738357,7460
1481,4.943709073347941,7463
1482,4.826409228570185,7466
1483,3.4613512961179196,7479
1484,6.545906297941823,7480
1485,3.733845870962408,7486
1486,3.363908205763663,7488
1487,2.59277831469649,7491
1488,4.395353811608071,7501
1489,3.391061555168333,7513
1490,5.368738152125651,7522
1491,3.1328889150201467,7533
1492,3.6667722791269237,7541
1493,3.063379915038949,7547
1494,3.435969535097677,7548
1495,2.681155904724172,7549
1496,4.009751874759229,7550
1497,3.345035004422103,7560
1498,3.554431429392436,7568
1499,3.4388848396872493,7571
1500,4.074038447068681,7577
1501,4.992595018135456,7585
1502,3.994790499533146,7586
1503,3.820039987789988,7591
1504,2.947886715108078,7596
1505,5.967366113053608,7608
1506,4.247632848564835,7609
1507,2.456359451407681,7610
1508,2.811410626138567,7611
1509,4.2189115710678236,7616
1510,2.5853311516914435,7617
1511,3.3836999715003775,7623
1512,2.4553981451554976,7624
1513,4.0620080894347215,7626
1514,1.8825327674027366,7628
1515,3.386272159392624,7635
1516,2.274949325802269,7644
1517,4.7178679445554454,7649
1518,3.2031162864912868,7650
1519,2.9401724266338247,7651
1520,4.0148118104118105,7652
1521,4.309170935834462,7653
1522,3.9437601210064432,7654
1523,4.458338659878136,7658
1524,2.738739465454509,7671
1525,2.6008755758442015,7674
1526,4.432048781080029,7683
1527,3.92506609747375,7691
1528,3.072694083694085,7697
1529,4.800667477661228,7704
1530,3.54189827842174,7712
1531,3.174896499616734,7713
1532,3.5901987858371798,7728
1533,3.5266389082148004,7730
1534,2.3816331592005886,7732
1535,3.7685402483241974,7733
1536,2.8864136431486616,7737
1537,4.873021539498513,7738
1538,4.319241869241875,7739
1539,2.6784216895836375,7750
1540,3.231074274342335,7762
1541,3.1998503549873982,7766
1542,2.6159557004374894,7770
1543,2.2714573786540204,7771
1544,6.516283106322842,7781
1545,2.976592692030193,7785
1546,2.9687394705890338,7789
1547,2.832477761384473,7794
1548,2.807428765678765,7795
1549,4.0108335518648035,7803
1550,2.5351156004724156,7807
1551,2.256004061910311,7813
1552,3.213253845086776,7815
1553,4.337193690851802,7819
1554,2.478552402458653,7822
1555,3.877455453247734,7823
1556,4.1402127069213455,7830
1557,3.8293521837705264,7855
1558,4.054195984570987,7862
1559,3.4207309373632895,7865
1560,4.656399951772793,7867
1561,2.9258135295392047,7868
1562,2.730666609392311,7871
1563,3.3016672232926574,7874
1564,4.173530122655122,7876
1565,2.300523900771712,7882
1566,3.558419202476269,7884
1567,3.4479390891884583,7886
1568,4.028010853504083,7888
1569,4.749098824786321,7895
1570,3.5232182180498706,7897
1571,4.152824413872931,7900
1572,3.379610705553662,7904
1573,2.8660280774265603,7911
1574,2.6376085818454196,7921
1575,3.204490683266899,7926
1576,4.214128002104107,7946
1577,3.5266389082148004,7949
1578,3.548519820457322,7950
1579,3.9619220658727268,7955
1580,4.109834978012183,7966
1581,2.6815685999134042,7967
1582,2.945398574483761,7969
1583,4.102992124215653,7974
1584,2.9405108413103567,7978
1585,2.788372403546747,7979
1586,2.515330135732668,7980
1587,2.69235491415619,7982
1588,2.9392520258496124,7988
1589,2.549203473521958,7990
1590,4.437510035286352,7999
1591,3.6225625650901385,8005
1592,3.854548191574508,8013
1593,4.252492772144587,8018
1594,3.5245978642828018,8026
1595,3.6497778384055586,8033
1596,2.6810780228758153,8034
1597,3.3012186532080587,8039
1598,3.635563349844599,8046
1599,3.241974239337486,8051
1600,2.6088121153929746,8056
1601,5.754048222718113,8061
1602,3.5028951978104477,8068
1603,2.715542327372919,8070
1604,5.826713533688535,8074
1605,3.5355733221027346,8076
1606,2.8276623798777147,8077
1607,4.590354652292153,8083
1608,3.376114588348528,8087
1609,3.096841485030806,8088
1610,4.349840241844497,8098
1611,3.0282229936729914,8113
1612,2.2087803083409714,8114
1613,2.9938862842631226,8124
1614,3.8761940628815643,8128
1615,3.2945227911458272,8133
1616,4.099369345931849,8134
1617,4.2230293641090375,8135
1618,2.806647832996502,8143
1619,4.879228512806637,8152
1620,3.913098415043122,8159
1621,4.299711979429796,8160
1622,4.4943842293576015,8165
1623,3.0080426020058364,8168
1624,4.3002824215392925,8171
1625,5.72812381939956,8182
1626,3.6415791016366668,8190
1627,2.812345984332103,8192
1628,2.6689088170171114,8203
1629,2.9867620958579932,8211
1630,3.0797876221001235,8215
1631,2.4033423260498523,8217
1632,2.5346276433440704,8221
1633,2.614741899440428,8224
1634,3.3603824232388813,8226
1635,6.337760281385279,8229
1636,2.679497757559636,8231
1637,2.6998804251304245,8232
1638,3.5995134667628563,8235
1639,3.6773586463414887,8241
1640,3.1884957889332908,8248
1641,3.384902185913216,8249
1642,3.0927307752621425,8271
1643,2.3155459943107006,8272
1644,3.6686269568245367,8278
1645,2.5815473063991363,8280
1646,3.5489394127436884,8284
1647,2.7867520081383264,8287
1648,5.135709983235719,8291
1649,3.2077411914495912,8297
1650,2.636503640653661,8299
1651,5.891040724359605,8302
1652,2.2227803111843323,8306
1653,2.3657423125049557,8307
1654,2.7998654543985437,8309
1655,2.9403865907799123,8313
1656,3.5693268530081044,8318
1657,2.4952508272782388,8329
1658,5.513927714850508,8332
1659,3.235933591049667,8335
1660,2.337015168160132,8337
1661,3.5892147420815905,8340
1662,3.029855963514932,8346
1663,3.6252653008075812,8350
1664,4.845708052364301,8351
1665,3.635239467657945,8354
1666,3.4731700330164985,8355
1667,2.824696256414206,8363
1668,2.674874316290432,8365
1669,2.9691110281862207,8367
1670,3.23916122920113,8369
1671,2.29742033145158,8373
1672,3.2248656300762657,8383
1673,2.8598295505556535,8386
1674,3.7680314077262604,8391
1675,3.740595856827194,8398
1676,3.6536048503442595,8402
1677,2.957386225898239,8404
1678,4.577887627690939,8407
1679,2.4552605346042853,8409
1680,2.207821678192809,8410
1681,2.9259507543743717,8417
1682,3.0562348400918586,8418
1683,4.090143974081475,8419
1684,3.1905527751234284,8427
1685,3.1389181914100375,8433
1686,2.940593213540117,8435
1687,2.7130299405924405,8442
1688,4.483032938956468,8456
1689,3.2226604735722066,8466
1690,2.338231392803084,8469
1691,3.5747782883887194,8474
1692,2.9480125637722936,8483
1693,4.0933524068047795,8489
1694,3.208379383290672,8491
1695,5.091251437451436,8498
1696,5.331638852813852,8500
1697,3.618843253968253,8502
1698,3.893747391037752,8506
1699,5.389535734193341,8507
1700,3.7902068713274764,8508
1701,3.0019083954495547,8510
1702,4.440909393976545,8512
1703,3.9360058689183064,8513
1704,3.0601417605271526,8522
1705,5.074170447150634,8524
1706,4.220368957431461,8535
1707,2.8099785626331863,8543
1708,4.918186950911181,8546
1709,3.668728180013734,8565
1710,4.4688482142857175,8574
1711,3.5864643628339876,8584
1712,4.7611640512265545,8587
1713,4.335779331680223,8588
1714,4.516083696937982,8593
1715,4.141187274531024,8607
1716,3.3636342558651027,8611
1717,2.8268026955683205,8612
1718,2.6986325999775658,8615
1719,2.772590223910076,8623
1720,3.2296082528582515,8629
1721,2.370800539482245,8640
1722,2.876267027022542,8641
1723,2.9668461399711394,8666
1724,2.608265572698427,8667
1725,2.725235253931897,8670
1726,3.4948434445671315,8673
1727,3.7299197839913787,8674
1728,3.086486166611166,8678
1729,5.122566896387282,8685
1730,4.412795300076985,8686
1731,3.333687153124655,8691
1732,4.004144329730725,8695
1733,3.6559331524276404,8697
1734,2.990808824143691,8698
1735,4.414322773427553,8701
1736,3.1103205453275398,8707
1737,2.641994165103979,8708
1738,3.4086604890321635,8710
1739,5.703934349245173,8721
1740,3.2382899893973898,8727
1741,2.91783133080807,8729
1742,4.9098236860361855,8730
1743,3.055384993597302,8732
1744,2.384597730350878,8733
1745,3.5121636602269355,8736
1746,3.296959534351917,8737
1747,2.7328096035405816,8744
1748,3.563899829411342,8747
1749,2.0394847195920405,8757
1750,2.90316127067377,8763
1751,3.833555916305916,8767
1752,4.157715593434344,8768
1753,4.991791932469832,8769
1754,2.9268835886245985,8771
1755,2.506917612892369,8775
1756,3.447225421337702,8777
1757,3.151782772741966,8779
1758,2.7872227210299205,8780
1759,4.716547449078701,8783
1760,4.432048781080029,8822
1761,3.5434460714483063,8841
1762,3.079402520546276,8856
1763,3.9020347828068394,8858
1764,2.1460494606532357,8862
1765,2.4113174253062017,8867
1766,3.532811932348699,8871
1767,3.3501571518759015,8875
1768,4.758981651820047,8881
1769,2.5126106519622233,8882
1770,3.4588595789619982,8883
1771,2.4417049395049393,8887
1772,3.4325898514325366,8890
1773,3.2443065900602646,8895
1774,3.4916451382196567,8897
1775,3.2150766674093916,8899
1776,3.014596904321169,8901
1777,3.883492052172116,8902
1778,2.874125172332468,8903
1779,2.5146221421337525,8904
1780,2.412146624215475,8913
1781,3.8935503796276847,8922
1782,3.726529759087873,8923
1783,2.0477713931819794,8937
1784,1.902335267861706,8938
1785,3.1631233947856234,8941
1786,2.945072406564735,8942
1787,4.680183701714949,8945
1788,4.055208344664375,8946
1789,2.2972440763827136,8953
1790,3.020323585898384,8954
1791,3.815634758623728,8958
1792,2.9627979157946243,8964
1793,2.8755721971902806,8973
1794,2.570984345411527,8974
1795,3.3822108486897076,8978
1796,4.53733600753451,8981
